mean_fit_time,std_fit_time,mean_score_time,std_score_time,param_classifier__subsample,param_classifier__reg_lambda,param_classifier__reg_alpha,param_classifier__n_estimators,param_classifier__min_child_weight,param_classifier__max_depth,param_classifier__learning_rate,param_classifier__gamma,param_classifier__colsample_bytree,params,split0_test_score,split1_test_score,split2_test_score,split3_test_score,split4_test_score,mean_test_score,std_test_score,rank_test_score
0.23007025718688964,0.005217300356928887,0.014983129501342774,0.005074805059002228,0.9,2,0.1,200,1,6,0.1,1.0,0.7,"{'classifier__subsample': 0.9, 'classifier__reg_lambda': 2, 'classifier__reg_alpha': 0.1, 'classifier__n_estimators': 200, 'classifier__min_child_weight': 1, 'classifier__max_depth': 6, 'classifier__learning_rate': 0.1, 'classifier__gamma': 1, 'classifier__colsample_bytree': 0.7}",0.5831775700934579,0.5430711610486891,0.6077348066298343,0.5767097966728281,0.581532416502947,0.5784451501895512,0.020708170104537807,13
0.29424400329589845,0.0067844517675934935,0.02524256706237793,0.011942083642794156,1.0,1,1.0,300,3,5,0.1,0.0,0.8,"{'classifier__subsample': 1.0, 'classifier__reg_lambda': 1, 'classifier__reg_alpha': 1, 'classifier__n_estimators': 300, 'classifier__min_child_weight': 3, 'classifier__max_depth': 5, 'classifier__learning_rate': 0.1, 'classifier__gamma': 0, 'classifier__colsample_bytree': 0.8}",0.5338345864661654,0.5512104283054003,0.6123188405797102,0.572992700729927,0.5880077369439072,0.5716728586050219,0.027463109716448993,18
0.2530823230743408,0.027344123421381233,0.023183584213256836,0.007066825412016838,0.7,10,0.01,200,10,5,0.01,0.0,0.8,"{'classifier__subsample': 0.7, 'classifier__reg_lambda': 10, 'classifier__reg_alpha': 0.01, 'classifier__n_estimators': 200, 'classifier__min_child_weight': 10, 'classifier__max_depth': 5, 'classifier__learning_rate': 0.01, 'classifier__gamma': 0, 'classifier__colsample_bytree': 0.8}",0.5083333333333333,0.536,0.5532786885245902,0.5363825363825364,0.5213675213675214,0.5310724159215963,0.015210837336185452,27
0.13006114959716797,0.020706965689538972,0.014317083358764648,0.004432213041958144,0.9,10,0.0,100,3,4,0.03,1.0,0.9,"{'classifier__subsample': 0.9, 'classifier__reg_lambda': 10, 'classifier__reg_alpha': 0, 'classifier__n_estimators': 100, 'classifier__min_child_weight': 3, 'classifier__max_depth': 4, 'classifier__learning_rate': 0.03, 'classifier__gamma': 1, 'classifier__colsample_bytree': 0.9}",0.5450980392156862,0.5551330798479087,0.5950095969289827,0.5846153846153846,0.5788423153692615,0.5717396831954448,0.018672313325910506,17
0.22321419715881347,0.009656643521810481,0.015293693542480469,0.005366061356501591,0.9,5,0.1,200,1,5,0.01,0.0,0.9,"{'classifier__subsample': 0.9, 'classifier__reg_lambda': 5, 'classifier__reg_alpha': 0.1, 'classifier__n_estimators': 200, 'classifier__min_child_weight': 1, 'classifier__max_depth': 5, 'classifier__learning_rate': 0.01, 'classifier__gamma': 0, 'classifier__colsample_bytree': 0.9}",0.516260162601626,0.5372549019607843,0.5697211155378487,0.5651302605210421,0.5446985446985447,0.5466129970639692,0.019439175996217733,25
0.11932535171508789,0.012298404664786393,0.015833616256713867,0.0035297183491010136,1.0,2,0.0,200,1,4,0.1,1.0,0.7,"{'classifier__subsample': 1.0, 'classifier__reg_lambda': 2, 'classifier__reg_alpha': 0, 'classifier__n_estimators': 200, 'classifier__min_child_weight': 1, 'classifier__max_depth': 4, 'classifier__learning_rate': 0.1, 'classifier__gamma': 1, 'classifier__colsample_bytree': 0.7}",0.5654648956356736,0.551594746716698,0.6128440366972477,0.6014760147601476,0.6076923076923076,0.587814400300415,0.024574854117851663,5
0.24380121231079102,0.020110060930098476,0.01779804229736328,0.003924742789291053,0.7,10,1.0,300,5,4,0.03,1.0,0.7,"{'classifier__subsample': 0.7, 'classifier__reg_lambda': 10, 'classifier__reg_alpha': 1, 'classifier__n_estimators': 300, 'classifier__min_child_weight': 5, 'classifier__max_depth': 4, 'classifier__learning_rate': 0.03, 'classifier__gamma': 1, 'classifier__colsample_bytree': 0.7}",0.5767790262172284,0.5553470919324578,0.6313868613138686,0.6198198198198198,0.6042065009560229,0.5975078600478795,0.02792023275591709,1
0.16101541519165039,0.016428952316609634,0.012784290313720702,0.0033978495309678644,0.7,2,0.01,100,1,5,0.01,0.5,0.8,"{'classifier__subsample': 0.7, 'classifier__reg_lambda': 2, 'classifier__reg_alpha': 0.01, 'classifier__n_estimators': 100, 'classifier__min_child_weight': 1, 'classifier__max_depth': 5, 'classifier__learning_rate': 0.01, 'classifier__gamma': 0.5, 'classifier__colsample_bytree': 0.8}",0.3768844221105528,0.4213075060532688,0.4470588235294118,0.3768844221105528,0.40786240786240785,0.40599951633323883,0.026903713664620597,30
0.25600543022155764,0.022930541163903386,0.026827621459960937,0.010612151312130206,0.9,2,0.1,200,5,5,0.01,0.3,0.7,"{'classifier__subsample': 0.9, 'classifier__reg_lambda': 2, 'classifier__reg_alpha': 0.1, 'classifier__n_estimators': 200, 'classifier__min_child_weight': 5, 'classifier__max_depth': 5, 'classifier__learning_rate': 0.01, 'classifier__gamma': 0.3, 'classifier__colsample_bytree': 0.7}",0.5112474437627812,0.5317460317460317,0.5526838966202783,0.556237218813906,0.540084388185654,0.5383997958257303,0.016165208596028945,26
0.26366963386535647,0.00910455757066998,0.013199520111083985,0.00311599420453742,0.8,5,1.0,200,1,6,0.03,0.0,0.8,"{'classifier__subsample': 0.8, 'classifier__reg_lambda': 5, 'classifier__reg_alpha': 1, 'classifier__n_estimators': 200, 'classifier__min_child_weight': 1, 'classifier__max_depth': 6, 'classifier__learning_rate': 0.03, 'classifier__gamma': 0, 'classifier__colsample_bytree': 0.8}",0.5735567970204841,0.5539033457249071,0.6199261992619927,0.5862708719851577,0.5956607495069034,0.585863592699889,0.022042349830807807,6
0.4042985439300537,0.02735272415323852,0.018469905853271483,0.0039007968232818925,0.9,1,0.01,500,3,6,0.05,0.5,1.0,"{'classifier__subsample': 0.9, 'classifier__reg_lambda': 1, 'classifier__reg_alpha': 0.01, 'classifier__n_estimators': 500, 'classifier__min_child_weight': 3, 'classifier__max_depth': 6, 'classifier__learning_rate': 0.05, 'classifier__gamma': 0.5, 'classifier__colsample_bytree': 1.0}",0.5640074211502782,0.5280898876404494,0.5989110707803993,0.5818181818181818,0.5807692307692308,0.570719158431708,0.024005325832109067,20
0.1348062515258789,0.01154197714325661,0.01835775375366211,0.006666239356555727,0.9,5,0.0,200,3,2,0.2,0.1,1.0,"{'classifier__subsample': 0.9, 'classifier__reg_lambda': 5, 'classifier__reg_alpha': 0, 'classifier__n_estimators': 200, 'classifier__min_child_weight': 3, 'classifier__max_depth': 2, 'classifier__learning_rate': 0.2, 'classifier__gamma': 0.1, 'classifier__colsample_bytree': 1.0}",0.5904059040590406,0.5325884543761639,0.5919117647058824,0.6086956521739131,0.58203125,0.581126605063,0.02576527846363852,10
0.25223374366760254,0.03515058230784204,0.022906064987182617,0.01057331565996373,0.9,5,0.0,500,3,2,0.05,0.5,0.7,"{'classifier__subsample': 0.9, 'classifier__reg_lambda': 5, 'classifier__reg_alpha': 0, 'classifier__n_estimators': 500, 'classifier__min_child_weight': 3, 'classifier__max_depth': 2, 'classifier__learning_rate': 0.05, 'classifier__gamma': 0.5, 'classifier__colsample_bytree': 0.7}",0.5762081784386617,0.5488721804511278,0.6117216117216118,0.6243194192377496,0.5984555984555985,0.5919153976609499,0.026775048980981243,2
0.1361149311065674,0.024433260613506282,0.012915658950805663,0.003459420422211712,1.0,2,0.01,200,1,3,0.1,1.0,0.9,"{'classifier__subsample': 1.0, 'classifier__reg_lambda': 2, 'classifier__reg_alpha': 0.01, 'classifier__n_estimators': 200, 'classifier__min_child_weight': 1, 'classifier__max_depth': 3, 'classifier__learning_rate': 0.1, 'classifier__gamma': 1, 'classifier__colsample_bytree': 0.9}",0.5523809523809524,0.5568181818181818,0.6059479553903345,0.6139705882352942,0.5988483685220729,0.5855932092693671,0.025792815999335892,7
0.2639456748962402,0.03031425210479624,0.018566226959228514,0.006234944022070476,0.7,2,1.0,200,3,6,0.01,0.0,1.0,"{'classifier__subsample': 0.7, 'classifier__reg_lambda': 2, 'classifier__reg_alpha': 1, 'classifier__n_estimators': 200, 'classifier__min_child_weight': 3, 'classifier__max_depth': 6, 'classifier__learning_rate': 0.01, 'classifier__gamma': 0, 'classifier__colsample_bytree': 1.0}",0.536779324055666,0.5288270377733598,0.5748031496062992,0.5483870967741935,0.5560165975103735,0.5489626411439783,0.01594802287247608,24
0.14281253814697265,0.015301540146971649,0.015054750442504882,0.00473220543715931,1.0,1,0.1,200,1,3,0.2,0.1,0.8,"{'classifier__subsample': 1.0, 'classifier__reg_lambda': 1, 'classifier__reg_alpha': 0.1, 'classifier__n_estimators': 200, 'classifier__min_child_weight': 1, 'classifier__max_depth': 3, 'classifier__learning_rate': 0.2, 'classifier__gamma': 0.1, 'classifier__colsample_bytree': 0.8}",0.5688073394495413,0.5547445255474452,0.5988909426987061,0.6014492753623188,0.5938697318007663,0.5835523629717556,0.018489601490813717,8
0.1420063018798828,0.008366013634825005,0.016979217529296875,0.003962156219695384,1.0,2,0.1,200,10,3,0.05,0.3,0.8,"{'classifier__subsample': 1.0, 'classifier__reg_lambda': 2, 'classifier__reg_alpha': 0.1, 'classifier__n_estimators': 200, 'classifier__min_child_weight': 10, 'classifier__max_depth': 3, 'classifier__learning_rate': 0.05, 'classifier__gamma': 0.3, 'classifier__colsample_bytree': 0.8}",0.5644859813084112,0.5580524344569289,0.6055045871559633,0.5888888888888889,0.5977011494252874,0.582926608247096,0.018560076684766228,9
0.19431619644165038,0.012575905463038854,0.01385035514831543,0.0038499677349248984,1.0,2,0.01,300,5,3,0.2,0.0,0.9,"{'classifier__subsample': 1.0, 'classifier__reg_lambda': 2, 'classifier__reg_alpha': 0.01, 'classifier__n_estimators': 300, 'classifier__min_child_weight': 5, 'classifier__max_depth': 3, 'classifier__learning_rate': 0.2, 'classifier__gamma': 0, 'classifier__colsample_bytree': 0.9}",0.5650557620817844,0.5448028673835126,0.5858951175406871,0.5913978494623656,0.5834932821497121,0.5741289757236123,0.017127113968628413,16
0.1713266372680664,0.029917528980134788,0.012562179565429687,0.002893687921466859,0.9,1,0.0,300,1,2,0.1,0.1,0.7,"{'classifier__subsample': 0.9, 'classifier__reg_lambda': 1, 'classifier__reg_alpha': 0, 'classifier__n_estimators': 300, 'classifier__min_child_weight': 1, 'classifier__max_depth': 2, 'classifier__learning_rate': 0.1, 'classifier__gamma': 0.1, 'classifier__colsample_bytree': 0.7}",0.575139146567718,0.5444234404536862,0.6094890510948905,0.6083788706739527,0.6115384615384616,0.5897937940657417,0.026379410401488352,3
0.22369470596313476,0.01783760192134716,0.016045141220092773,0.004064256468466203,0.8,2,0.01,300,5,3,0.2,0.3,0.9,"{'classifier__subsample': 0.8, 'classifier__reg_lambda': 2, 'classifier__reg_alpha': 0.01, 'classifier__n_estimators': 300, 'classifier__min_child_weight': 5, 'classifier__max_depth': 3, 'classifier__learning_rate': 0.2, 'classifier__gamma': 0.3, 'classifier__colsample_bytree': 0.9}",0.5451127819548872,0.5477941176470589,0.6043956043956044,0.5949820788530465,0.5659655831739961,0.5716500332049186,0.024175608244243516,19
0.13644509315490722,0.03287754496329792,0.01494913101196289,0.004064466210984822,0.7,2,1.0,100,3,5,0.05,0.3,0.7,"{'classifier__subsample': 0.7, 'classifier__reg_lambda': 2, 'classifier__reg_alpha': 1, 'classifier__n_estimators': 100, 'classifier__min_child_weight': 3, 'classifier__max_depth': 5, 'classifier__learning_rate': 0.05, 'classifier__gamma': 0.3, 'classifier__colsample_bytree': 0.7}",0.5607476635514018,0.547486033519553,0.6125461254612546,0.5992647058823529,0.5776031434184676,0.579529534366606,0.023928342534351815,12
0.14011096954345703,0.03648506614193854,0.021691083908081055,0.013502147289811712,0.8,1,0.0,100,10,3,0.03,0.0,0.9,"{'classifier__subsample': 0.8, 'classifier__reg_lambda': 1, 'classifier__reg_alpha': 0, 'classifier__n_estimators': 100, 'classifier__min_child_weight': 10, 'classifier__max_depth': 3, 'classifier__learning_rate': 0.03, 'classifier__gamma': 0, 'classifier__colsample_bytree': 0.9}",0.5258964143426295,0.5503875968992248,0.5826771653543307,0.5680473372781065,0.5644171779141104,0.5582851383576803,0.019179541299520535,22
0.24199905395507812,0.030426701414422413,0.02100238800048828,0.006553297903871321,1.0,2,0.01,200,3,6,0.05,0.3,0.9,"{'classifier__subsample': 1.0, 'classifier__reg_lambda': 2, 'classifier__reg_alpha': 0.01, 'classifier__n_estimators': 200, 'classifier__min_child_weight': 3, 'classifier__max_depth': 6, 'classifier__learning_rate': 0.05, 'classifier__gamma': 0.3, 'classifier__colsample_bytree': 0.9}",0.5644859813084112,0.5267175572519084,0.6007326007326007,0.5813528336380256,0.5984555984555985,0.5743489142773088,0.027174655980470138,15
0.28699207305908203,0.019589762173828035,0.01552886962890625,0.0033219965854970213,1.0,5,0.1,500,3,6,0.05,0.3,0.8,"{'classifier__subsample': 1.0, 'classifier__reg_lambda': 5, 'classifier__reg_alpha': 0.1, 'classifier__n_estimators': 500, 'classifier__min_child_weight': 3, 'classifier__max_depth': 6, 'classifier__learning_rate': 0.05, 'classifier__gamma': 0.3, 'classifier__colsample_bytree': 0.8}",0.5735567970204841,0.5217391304347826,0.6153846153846154,0.587360594795539,0.5914396887159533,0.577896165270275,0.031147484726249466,14
0.31806297302246095,0.013161644486956028,0.016202878952026368,0.0039562981384232455,0.8,10,0.01,300,3,6,0.1,0.3,0.9,"{'classifier__subsample': 0.8, 'classifier__reg_lambda': 10, 'classifier__reg_alpha': 0.01, 'classifier__n_estimators': 300, 'classifier__min_child_weight': 3, 'classifier__max_depth': 6, 'classifier__learning_rate': 0.1, 'classifier__gamma': 0.3, 'classifier__colsample_bytree': 0.9}",0.5384615384615384,0.5461254612546126,0.6060606060606061,0.5454545454545454,0.5658914728682171,0.5603987248199039,0.02459053628773546,21
0.10374784469604492,0.0059682369729347415,0.018622970581054686,0.005991254932075705,0.8,2,0.1,100,10,3,0.2,1.0,0.8,"{'classifier__subsample': 0.8, 'classifier__reg_lambda': 2, 'classifier__reg_alpha': 0.1, 'classifier__n_estimators': 100, 'classifier__min_child_weight': 10, 'classifier__max_depth': 3, 'classifier__learning_rate': 0.2, 'classifier__gamma': 1, 'classifier__colsample_bytree': 0.8}",0.5831775700934579,0.5424354243542435,0.5977859778597786,0.5804066543438078,0.5957446808510638,0.5799100615004703,0.019927645128122083,11
0.29868597984313966,0.016260488774605505,0.015098667144775391,0.0021630946629868407,0.8,1,0.0,300,3,6,0.1,0.3,0.8,"{'classifier__subsample': 0.8, 'classifier__reg_lambda': 1, 'classifier__reg_alpha': 0, 'classifier__n_estimators': 300, 'classifier__min_child_weight': 3, 'classifier__max_depth': 6, 'classifier__learning_rate': 0.1, 'classifier__gamma': 0.3, 'classifier__colsample_bytree': 0.8}",0.521415270018622,0.5357798165137615,0.6039783001808319,0.5573770491803278,0.5692599620493358,0.5575620795885758,0.028539092666493914,23
0.20876474380493165,0.02269671356759658,0.017694997787475585,0.002924915488004207,1.0,10,1.0,300,1,3,0.05,0.0,0.9,"{'classifier__subsample': 1.0, 'classifier__reg_lambda': 10, 'classifier__reg_alpha': 1, 'classifier__n_estimators': 300, 'classifier__min_child_weight': 1, 'classifier__max_depth': 3, 'classifier__learning_rate': 0.05, 'classifier__gamma': 0, 'classifier__colsample_bytree': 0.9}",0.5698324022346368,0.5559701492537313,0.6033519553072626,0.603290676416819,0.6142034548944337,0.5893297276213767,0.0223751667484365,4
0.17912673950195312,0.01900817509819864,0.019105148315429688,0.001769684270901783,1.0,5,1.0,300,10,2,0.01,1.0,0.7,"{'classifier__subsample': 1.0, 'classifier__reg_lambda': 5, 'classifier__reg_alpha': 1, 'classifier__n_estimators': 300, 'classifier__min_child_weight': 10, 'classifier__max_depth': 2, 'classifier__learning_rate': 0.01, 'classifier__gamma': 1, 'classifier__colsample_bytree': 0.7}",0.4978902953586498,0.5041666666666667,0.5232067510548524,0.5183585313174947,0.5234042553191489,0.5134052999433625,0.010456096457364084,29
0.07871880531311035,0.014038286779096873,0.008809423446655274,0.0007499585406755773,0.7,2,0.01,100,3,2,0.03,1.0,0.8,"{'classifier__subsample': 0.7, 'classifier__reg_lambda': 2, 'classifier__reg_alpha': 0.01, 'classifier__n_estimators': 100, 'classifier__min_child_weight': 3, 'classifier__max_depth': 2, 'classifier__learning_rate': 0.03, 'classifier__gamma': 1, 'classifier__colsample_bytree': 0.8}",0.4978902953586498,0.5301204819277109,0.534446764091858,0.5386221294363257,0.5256410256410257,0.525344139291114,0.014392900595185783,28
